{
  "ssim_mean": 0.5083458092628304,
  "ssim_std": 0.15707735731170555,
  "lpips_mean": 0.23258159302383843,
  "lpips_std": 0.11254833787417617,
  "n_val_samples": 5067,
  "feat_dim": 128,
  "invernet_epochs": 50,
  "skipped": false,
  "method": "H_vq_commit_high",
  "seed": 43,
  "took_s": 1827.4904837608337
}