{
  "ssim_mean": 0.5105692485029597,
  "ssim_std": 0.1546701143852433,
  "lpips_mean": 0.23978564587098408,
  "lpips_std": 0.11205805744221026,
  "n_val_samples": 5067,
  "feat_dim": 128,
  "invernet_epochs": 50,
  "skipped": false,
  "method": "H_vq_M4",
  "seed": 42,
  "took_s": 1820.6225578784943
}