{
  "ssim_mean": 0.5237394988466347,
  "ssim_std": 0.1502560887562549,
  "lpips_mean": 0.23006317020565395,
  "lpips_std": 0.10895289320781264,
  "n_val_samples": 5067,
  "feat_dim": 128,
  "invernet_epochs": 50,
  "skipped": false,
  "method": "H_vq_no_kmeans",
  "seed": 43,
  "took_s": 1825.726667881012
}