{
  "method": "H_vq_K64",
  "seed": 42,
  "passive_type": "vq",
  "best_wacc": 0.7787409992533569,
  "best_epoch": 38,
  "per_class_recall": [
    0.6574585635359116,
    0.8407766990291262,
    0.7864661654135339,
    0.7586206896551724,
    0.7676190476190476,
    0.8085106382978723,
    0.92,
    0.6904761904761905
  ],
  "tail_mean": 0.7944018796073087,
  "comm_bits": 48,
  "ckpt_path": "/kaggle/working/results_d1v9/checkpoints/H_vq_K64_seed42.pt"
}