{
  "method": "H_vq_M16",
  "seed": 43,
  "passive_type": "vq",
  "best_wacc": 0.7764980734800951,
  "best_epoch": 36,
  "per_class_recall": [
    0.661878453038674,
    0.8077669902912621,
    0.7714285714285715,
    0.6954022988505747,
    0.7504761904761905,
    0.851063829787234,
    0.92,
    0.753968253968254
  ],
  "tail_mean": 0.8051085956515157,
  "comm_bits": 128,
  "ckpt_path": "/kaggle/working/results_d1v9/checkpoints/H_vq_M16_seed43.pt"
}