{
  "method": "H_vq_M4",
  "seed": 43,
  "passive_type": "vq",
  "best_wacc": 0.7657195626518433,
  "best_epoch": 36,
  "per_class_recall": [
    0.6430939226519337,
    0.8170873786407767,
    0.8135338345864662,
    0.6781609195402298,
    0.7447619047619047,
    0.723404255319149,
    0.92,
    0.7857142857142857
  ],
  "tail_mean": 0.776819865143416,
  "comm_bits": 32,
  "ckpt_path": "/kaggle/working/results_d1v9/checkpoints/H_vq_M4_seed43.pt"
}