{
  "method": "H_vq_no_kmeans",
  "seed": 42,
  "passive_type": "vq",
  "best_wacc": 0.7786749418951147,
  "best_epoch": 35,
  "per_class_recall": [
    0.6552486187845303,
    0.818252427184466,
    0.7969924812030075,
    0.7068965517241379,
    0.7561904761904762,
    0.8297872340425532,
    0.92,
    0.746031746031746
  ],
  "tail_mean": 0.8006788829496093,
  "comm_bits": 64,
  "ckpt_path": "/kaggle/working/results_d1v9/checkpoints/H_vq_no_kmeans_seed42.pt"
}