{
  "method": "H_vq_commit_low",
  "seed": 42,
  "passive_type": "vq",
  "best_wacc": 0.7849469535101407,
  "best_epoch": 34,
  "per_class_recall": [
    0.6629834254143646,
    0.8132038834951456,
    0.8360902255639098,
    0.7298850574712644,
    0.76,
    0.851063829787234,
    0.92,
    0.7063492063492064
  ],
  "tail_mean": 0.8018245234019262,
  "comm_bits": 64,
  "ckpt_path": "/kaggle/working/results_d1v9/checkpoints/H_vq_commit_low_seed42.pt"
}