{
  "method": "H_vq_K256",
  "seed": 42,
  "passive_type": "vq",
  "best_wacc": 0.776144104664858,
  "best_epoch": 33,
  "per_class_recall": [
    0.6861878453038674,
    0.806990291262136,
    0.8075187969924812,
    0.7126436781609196,
    0.7295238095238096,
    0.8085106382978723,
    0.88,
    0.7777777777777778
  ],
  "tail_mean": 0.7947330235591423,
  "comm_bits": 64,
  "ckpt_path": "/kaggle/working/results_d1v9/checkpoints/H_vq_K256_seed42.pt"
}