{
  "method": "H_vq_K64",
  "seed": 43,
  "passive_type": "vq",
  "best_wacc": 0.793167988005765,
  "best_epoch": 37,
  "per_class_recall": [
    0.7038674033149172,
    0.8147572815533981,
    0.7744360902255639,
    0.7701149425287356,
    0.7542857142857143,
    0.8297872340425532,
    0.96,
    0.7380952380952381
  ],
  "tail_mean": 0.8244993536666317,
  "comm_bits": 48,
  "ckpt_path": "/kaggle/working/results_d1v9/checkpoints/H_vq_K64_seed43.pt"
}