{
  "method": "S_rand_sign",
  "seed": 42,
  "passive_type": "rand_sign",
  "best_wacc": 0.7165198555719532,
  "best_epoch": 35,
  "per_class_recall": [
    0.549171270718232,
    0.8089320388349515,
    0.7368421052631579,
    0.6896551724137931,
    0.6076190476190476,
    0.8085106382978723,
    0.96,
    0.5714285714285714
  ],
  "tail_mean": 0.7573985955350593,
  "comm_bits": 128,
  "ckpt_path": "/kaggle/working/results_d1v9/checkpoints/S_rand_sign_seed42.pt"
}