{
  "method": "H_vq_commit_high",
  "seed": 42,
  "passive_type": "vq",
  "best_wacc": 0.7816545195456799,
  "best_epoch": 40,
  "per_class_recall": [
    0.6928176795580111,
    0.8411650485436893,
    0.8030075187969925,
    0.7413793103448276,
    0.7028571428571428,
    0.8297872340425532,
    0.92,
    0.7222222222222222
  ],
  "tail_mean": 0.8033471916524008,
  "comm_bits": 64,
  "ckpt_path": "/kaggle/working/results_d1v9/checkpoints/H_vq_commit_high_seed42.pt"
}