{
  "method": "H_vq_M4",
  "seed": 42,
  "passive_type": "vq",
  "best_wacc": 0.7755419354146074,
  "best_epoch": 39,
  "per_class_recall": [
    0.656353591160221,
    0.8283495145631068,
    0.7744360902255639,
    0.6954022988505747,
    0.7447619047619047,
    0.851063829787234,
    0.9,
    0.753968253968254
  ],
  "tail_mean": 0.8001085956515157,
  "comm_bits": 32,
  "ckpt_path": "/kaggle/working/results_d1v9/checkpoints/H_vq_M4_seed42.pt"
}